{
  "globalDependencies": {
    "body-parser": "registry:dt/body-parser#0.0.0+20160317120654",
    "cookie-parser": "registry:dt/cookie-parser#1.3.4+20160316155526",
    "debug": "registry:dt/debug#0.0.0+20160317120654",
    "express": "registry:dt/express#4.0.0+20160317120654",
    "express-serve-static-core": "registry:dt/express-serve-static-core#0.0.0+20160602151406",
    "jade": "registry:dt/jade#0.0.0+20160316155526",
    "mime": "registry:dt/mime#0.0.0+20160316155526",
    "morgan": "registry:dt/morgan#1.7.0+20160524142355",
    "serve-favicon": "registry:dt/serve-favicon#0.0.0+20160316155526",
    "serve-static": "registry:dt/serve-static#0.0.0+20160606155157",
    "stylus": "registry:dt/stylus#0.0.0+20160317120654"
  }
}
